'000083d0,'00000018,'t,'ADC_ClrChanPinMux
'0000840c,'00000010,'t,'ADC_DisableADC
'000084d4,'0000002c,'t,'ADC_DisableAllChanIRQ
'00008430,'00000018,'t,'ADC_DisableChanCmp
'000084c0,'00000014,'t,'ADC_DisableChanDataIRQ
'00008498,'00000014,'t,'ADC_DisableChanHighIRQ
'00008470,'00000014,'t,'ADC_DisableChanLowIRQ
'00008448,'00000014,'t,'ADC_DisableChanSel
'00008624,'00000010,'T,'ADC_DisableFifoDataDRQ
'00008604,'00000010,'T,'ADC_DisableFifoDataIRQ
'000083fc,'00000010,'t,'ADC_EnableADC
'0000841c,'00000014,'t,'ADC_EnableChanCmp
'000084ac,'00000014,'t,'ADC_EnableChanDataIRQ
'00008484,'00000014,'t,'ADC_EnableChanHighIRQ
'0000845c,'00000014,'t,'ADC_EnableChanLowIRQ
'00008614,'00000010,'T,'ADC_EnableFifoDataDRQ
'000083e8,'00000014,'t,'ADC_GetChanPinMux
'000083bc,'00000014,'t,'ADC_SetChanPinMux
'00008500,'00000024,'t,'ADC_SetHighValue
'00004800,'0000067c,'T,'AWFDCT32
'0000578c,'00000420,'T,'AWpolyCoef
'00004f54,'0000029e,'T,'AwPolyphaseMono
'000051f2,'000004a2,'T,'AwPolyphaseStereo
'00004f3c,'00000018,'t,'ClipToShort.constprop.0
'00009d0c,'00000014,'T,'DMA_ClearPendingIRQ
'00009ce4,'00000014,'T,'DMA_DisableIRQ
'00009cd0,'00000014,'T,'DMA_EnableIRQ
'00009c8c,'00000044,'T,'DMA_IRQHandler
'00009cf8,'00000014,'T,'DMA_IsPendingIRQ
'00200158,'00000010,'D,'DefaultFlashChip
'000156f8,'00000074,'t,'DefaultFlashCtor
'00015612,'00000004,'t,'DefaultFlashDeinit
'00015618,'000000e0,'t,'DefaultFlashInit
'00200168,'00000010,'D,'EN25QH64A_FlashChip
'000157a8,'00000050,'t,'EN25QHXXA_FlashCtor
'000157a4,'00000004,'t,'EN25QHXXA_FlashDeinit
'00015908,'000000e0,'t,'EN25QHXXA_FlashInit
'000157f8,'00000068,'T,'EN25QHXXA_ReadStatus
'00015860,'000000a8,'t,'EN25QHXXA_WriteStatus
'0000aeb4,'0000000c,'T,'FC_Ibus_DummyData
'0000ae74,'00000040,'T,'FC_Ibus_ReadConfig
'0000aec0,'00000048,'T,'FC_Ibus_TransmitDelay
'0000afac,'00000018,'T,'FC_Sbus_GetBufCnt
'0000af8c,'00000020,'T,'FC_Sbus_IsAvailable
'0000af24,'00000018,'T,'FC_Sbus_ResetFIFO
'0000af3c,'00000050,'T,'FC_Sbus_TransmitDelay
'0000af08,'0000001c,'T,'FC_SetFlash
'00005bac,'0000039c,'T,'FFT_32C
'00014c38,'000000b8,'T,'FlashChipEnum
'00008524,'000000e0,'T,'GPADC_IRQHandler
'0000b9bc,'00000008,'T,'GPIOA_IRQHandler
'0000b9c4,'00000008,'T,'GPIOB_IRQHandler
'0000b9cc,'00000008,'T,'GPIOC_IRQHandler
'0000ba00,'00000030,'t,'GPIO_ClearPinStatus
'0000b970,'0000004c,'t,'GPIO_IRQHandler
'0000b954,'0000001c,'t,'GPIO_IsAllPinDisabled
'0000b9d4,'0000002c,'t,'GPIO_SetPinStatus
'00008b94,'0000025c,'T,'HAL_ADC_ConfigChannel
'00008b94,'0000025c,'T,'HAL_ADC_ConfigChannel
'00008920,'000001a8,'T,'HAL_ADC_Conv_Polling
'00008848,'000000d8,'T,'HAL_ADC_DeInit
'00008b30,'00000064,'T,'HAL_ADC_DisableIRQCallback
'00008ac8,'00000068,'T,'HAL_ADC_EnableIRQCallback
'00008df0,'00000134,'T,'HAL_ADC_FifoConfigChannel
'0000912c,'00000010,'T,'HAL_ADC_GetFifoData
'0000913c,'00000010,'T,'HAL_ADC_GetFifoDataCount
'00009054,'000000a8,'T,'HAL_ADC_GetIRQState
'000090fc,'00000030,'T,'HAL_ADC_GetValue
'00008634,'00000214,'T,'HAL_ADC_Init
'00008f24,'0000004c,'T,'HAL_ADC_Start_Conv_IT
'00008fd8,'0000004c,'T,'HAL_ADC_Stop_Conv_IT
'000093d4,'00000014,'T,'HAL_BoardIoctl
'000093c4,'00000010,'T,'HAL_BoardIoctlCbRegister
'00009898,'00000010,'T,'HAL_CCM_AudioCodec_DisableMClock
'00009888,'00000010,'T,'HAL_CCM_AudioCodec_EnableMClock
'000094d4,'0000000c,'T,'HAL_CCM_BusDisableAllPeriphClock
'000094c4,'00000010,'T,'HAL_CCM_BusDisablePeriphClock
'000094b4,'00000010,'T,'HAL_CCM_BusEnablePeriphClock
'00009500,'0000000c,'T,'HAL_CCM_BusForceAllPeriphReset
'000094e0,'00000010,'T,'HAL_CCM_BusForcePeriphReset
'00009460,'00000004,'T,'HAL_CCM_BusGetAHB1Clock
'00009464,'0000001c,'T,'HAL_CCM_BusGetAHB2Clock
'00009480,'00000034,'T,'HAL_CCM_BusGetAPBClock
'000094f0,'00000010,'T,'HAL_CCM_BusReleasePeriphReset
'000098a8,'0000000c,'T,'HAL_CCM_BusSetAPBSClock
'00009450,'00000010,'T,'HAL_CCM_BusSetClock
'00009628,'00000010,'T,'HAL_CCM_CE_DisableMClock
'00009618,'00000010,'T,'HAL_CCM_CE_EnableMClock
'000095fc,'0000001c,'T,'HAL_CCM_CE_SetMClock
'0000983c,'00000010,'T,'HAL_CCM_CSI_DisableMClock
'00009664,'00000010,'T,'HAL_CCM_CSI_DisableOutClock
'0000982c,'00000010,'T,'HAL_CCM_CSI_EnableMClock
'00009654,'00000010,'T,'HAL_CCM_CSI_EnableOutClock
'00009810,'0000001c,'T,'HAL_CCM_CSI_SetMClock
'00009638,'0000001c,'T,'HAL_CCM_CSI_SetOutClock
'00009698,'00000010,'T,'HAL_CCM_DAUDIO_DisableMClock
'00009688,'00000010,'T,'HAL_CCM_DAUDIO_EnableMClock
'00009674,'00000014,'T,'HAL_CCM_DAUDIO_SetMClock
'000097c4,'00000010,'T,'HAL_CCM_DMIC_DisableMClock
'000097b4,'00000010,'T,'HAL_CCM_DMIC_EnableMClock
'00009878,'00000010,'T,'HAL_CCM_FLASHC_DisableMClock
'00009868,'00000010,'T,'HAL_CCM_FLASHC_EnableMClock
'0000984c,'0000001c,'T,'HAL_CCM_FLASHC_SetMClock
'00009800,'00000010,'T,'HAL_CCM_GPADC_DisableMClock
'000097f0,'00000010,'T,'HAL_CCM_GPADC_EnableMClock
'000097d4,'0000001c,'T,'HAL_CCM_GPADC_SetMClock
'000096d4,'00000010,'T,'HAL_CCM_IRRX_DisableMClock
'000096c4,'00000010,'T,'HAL_CCM_IRRX_EnableMClock
'000096a8,'0000001c,'T,'HAL_CCM_IRRX_SetMClock
'00009710,'00000010,'T,'HAL_CCM_IRTX_DisableMClock
'00009700,'00000010,'T,'HAL_CCM_IRTX_EnableMClock
'000096e4,'0000001c,'T,'HAL_CCM_IRTX_SetMClock
'0000992c,'0000000c,'T,'HAL_CCM_Init
'0000991c,'00000010,'T,'HAL_CCM_PSRAMC_DisableMClock
'0000990c,'00000010,'T,'HAL_CCM_PSRAMC_EnableMClock
'000098f0,'0000001c,'T,'HAL_CCM_PSRAMC_SetMClock
'000095ec,'00000010,'T,'HAL_CCM_SDC0_DisableMClock
'000095dc,'00000010,'T,'HAL_CCM_SDC0_EnableMClock
'000095c0,'0000001c,'T,'HAL_CCM_SDC0_SetMClock
'00009538,'00000010,'T,'HAL_CCM_SDC1_DisableMClock
'00009528,'00000010,'T,'HAL_CCM_SDC1_EnableMClock
'0000950c,'0000001c,'T,'HAL_CCM_SDC1_SetMClock
'00009574,'00000010,'T,'HAL_CCM_SPI0_DisableMClock
'00009564,'00000010,'T,'HAL_CCM_SPI0_EnableMClock
'00009548,'0000001c,'T,'HAL_CCM_SPI0_SetMClock
'000095b0,'00000010,'T,'HAL_CCM_SPI1_DisableMClock
'000095a0,'00000010,'T,'HAL_CCM_SPI1_EnableMClock
'00009584,'0000001c,'T,'HAL_CCM_SPI1_SetMClock
'0000976c,'00000010,'T,'HAL_CCM_SYSTICK_DisableRef
'0000974c,'00000010,'T,'HAL_CCM_SYSTICK_DisableRefClock
'0000978c,'00000010,'T,'HAL_CCM_SYSTICK_DisableSkew
'0000975c,'00000010,'T,'HAL_CCM_SYSTICK_EnableRef
'0000973c,'00000010,'T,'HAL_CCM_SYSTICK_EnableRefClock
'0000977c,'00000010,'T,'HAL_CCM_SYSTICK_EnableSkew
'00009720,'0000001c,'T,'HAL_CCM_SYSTICK_SetRefClock
'0000979c,'00000018,'T,'HAL_CCM_SYSTICK_SetTENMS
'00009e78,'0000005c,'T,'HAL_DMA_DeInit
'00009f4c,'00000018,'T,'HAL_DMA_GetByteCount
'00009ddc,'0000009c,'T,'HAL_DMA_Init
'00009f30,'0000001c,'T,'HAL_DMA_IsBusy
'00009dac,'00000030,'T,'HAL_DMA_Release
'00009d20,'00000048,'T,'HAL_DMA_Request
'00009d68,'00000044,'T,'HAL_DMA_RequestSpecified
'00009ed4,'00000038,'T,'HAL_DMA_Start
'00009f0c,'00000024,'T,'HAL_DMA_Stop
'000099dc,'00000058,'T,'HAL_Dcache_Clean
'00009af0,'00000044,'T,'HAL_Dcache_DUMP_MissHit
'00009bc4,'00000020,'T,'HAL_Dcache_Deinit
'00009950,'00000018,'T,'HAL_Dcache_FlushAll
'00009980,'0000005c,'T,'HAL_Dcache_FlushClean
'00009968,'00000018,'T,'HAL_Dcache_FlushCleanAll
'00009b34,'00000090,'T,'HAL_Dcache_Init
'00009a34,'000000bc,'T,'HAL_Dcache_SetWriteThrough
'0000aa1c,'00000070,'T,'HAL_Flash_Check
'0000a5b4,'0000008c,'T,'HAL_Flash_Deinit
'0000a32c,'00000288,'T,'HAL_Flash_Init
'0000a694,'000000d0,'T,'HAL_Flash_Overwrite
'0000a064,'0000000c,'T,'HAL_Flash_SetDbgMask
'0000a070,'0000005c,'T,'HAL_Flash_WaitCompl
'0000b028,'00000078,'T,'HAL_Flashc_ConfigCCMU
'0000b7dc,'00000030,'T,'HAL_Flashc_Create
'0000ad44,'0000000c,'t,'HAL_Flashc_DMARelease
'0000b840,'00000014,'T,'HAL_Flashc_DecRef
'0000b80c,'00000028,'T,'HAL_Flashc_Destory
'0000afe0,'00000034,'T,'HAL_Flashc_DisableCCMU
'0000afc4,'0000001a,'T,'HAL_Flashc_EnableCCMU
'0000b834,'0000000c,'T,'HAL_Flashc_IncRef
'0000b4d8,'00000018,'T,'HAL_Flashc_Ioctl
'0000b0b6,'00000018,'T,'HAL_Flashc_PinDeinit
'0000b0a0,'00000016,'T,'HAL_Flashc_PinInit
'0000b014,'00000012,'T,'HAL_Flashc_ResetCCMU
'0000ae68,'0000000c,'T,'HAL_Flashc_SetDbgMask
'0000b4f0,'000002ec,'T,'HAL_Flashc_Transfer
'0000b280,'00000040,'T,'HAL_Flashc_Xip_RawDisable
'0000b258,'00000028,'T,'HAL_Flashc_Xip_RawEnable
'0000bc24,'00000064,'T,'HAL_GPIO_DeInit
'0000bedc,'0000009c,'T,'HAL_GPIO_DisableIRQ
'0000bdfc,'000000e0,'T,'HAL_GPIO_EnableIRQ
'0000bc88,'0000004c,'T,'HAL_GPIO_GetConfig
'0000bb0c,'00000084,'T,'HAL_GPIO_GlobalInit
'0000bb90,'00000094,'T,'HAL_GPIO_Init
'0000bf78,'00000034,'T,'HAL_GPIO_MaskIRQ
'0000c034,'00000024,'T,'HAL_GPIO_PinMuxConfig
'0000c058,'0000001c,'T,'HAL_GPIO_PinMuxDeConfig
'0000bdc8,'00000014,'T,'HAL_GPIO_ReadPin
'0000bdec,'00000010,'T,'HAL_GPIO_ReadPort
'0000bd28,'00000038,'T,'HAL_GPIO_SetDriving
'0000c01c,'00000018,'T,'HAL_GPIO_SetIRQDebounce
'0000bfe4,'00000038,'T,'HAL_GPIO_SetIRQEvent
'0000bcd4,'00000054,'T,'HAL_GPIO_SetMode
'0000bd60,'00000038,'T,'HAL_GPIO_SetPull
'0000bfac,'00000038,'T,'HAL_GPIO_UnMaskIRQ
'0000bd98,'00000030,'T,'HAL_GPIO_WritePin
'0000bddc,'00000010,'T,'HAL_GPIO_WritePort
'0000c690,'000000b4,'T,'HAL_I2C_DeInit
'0000c4b4,'000001ac,'T,'HAL_I2C_Init
'0000c7d8,'00000078,'T,'HAL_I2C_Master_Receive_IT
'0000c8cc,'0000007c,'T,'HAL_I2C_Master_Receive_Mem_IT
'0000c768,'00000070,'T,'HAL_I2C_Master_Transmit_IT
'0000c850,'0000007c,'T,'HAL_I2C_Master_Transmit_Mem_IT
'0000c9c4,'0000007c,'T,'HAL_I2C_SCCB_Master_Receive_IT
'0000c948,'0000007c,'T,'HAL_I2C_SCCB_Master_Transmit_IT
'0000cca4,'00000024,'T,'HAL_ICache_Deinit
'0000cc0e,'00000004,'T,'HAL_ICache_DisablePrefetch
'0000cc0a,'00000004,'T,'HAL_ICache_EnablePrefetch
'0000cc14,'00000018,'T,'HAL_ICache_Flush
'0000cc2c,'00000078,'T,'HAL_ICache_Init
'0000769c,'00000020,'t,'HAL_NVIC_CPUReset
'0000cf30,'00000018,'T,'HAL_NVIC_ClearPendingIRQ
'0000cf48,'0000001c,'T,'HAL_NVIC_ConfigExtIRQ
'0000cee0,'00000018,'T,'HAL_NVIC_DisableIRQ
'0000cec8,'00000018,'T,'HAL_NVIC_EnableIRQ
'0000ce34,'00000010,'T,'HAL_NVIC_GetIRQHandler
'0000cea4,'00000024,'T,'HAL_NVIC_GetPriority
'0000ce68,'00000010,'T,'HAL_NVIC_GetPriorityGrouping
'0000cf68,'00000020,'T,'HAL_NVIC_Init
'0000cf10,'00000020,'T,'HAL_NVIC_IsPendingIRQ
'0000ce24,'00000010,'T,'HAL_NVIC_SetIRQHandler
'0000cef8,'00000018,'T,'HAL_NVIC_SetPendingIRQ
'0000ce78,'0000002c,'T,'HAL_NVIC_SetPriority
'0000ce44,'00000024,'T,'HAL_NVIC_SetPriorityGrouping
'0000d318,'00000014,'T,'HAL_PRCM_AllowCPUNDeepSleep
'0000d604,'00000014,'T,'HAL_PRCM_ClearWakeupTimerPending
'0000d854,'00000018,'T,'HAL_PRCM_ClrResetSource
'0000d204,'00000010,'T,'HAL_PRCM_DisableAudioPLL
'0000d2d0,'00000010,'T,'HAL_PRCM_DisableAudioPLLPattern
'0000d27c,'00000010,'T,'HAL_PRCM_DisableDev2Clock
'0000d0d4,'00000010,'T,'HAL_PRCM_DisableInter32KCalib
'0000d384,'00000014,'T,'HAL_PRCM_DisableSys2
'0000d3ac,'00000014,'T,'HAL_PRCM_DisableSys2Isolation
'0000d124,'00000010,'T,'HAL_PRCM_DisableSysPLL
'0000d938,'00000014,'T,'HAL_PRCM_DisableWlanCPUClkOvrHIF
'0000d9b0,'00000014,'T,'HAL_PRCM_DisableWlanIRQOvrHIF
'0000d988,'00000014,'T,'HAL_PRCM_DisableWlanWUPOvrHIF
'0000d32c,'00000014,'T,'HAL_PRCM_DisallowCPUNDeepSleep
'0000d1f4,'00000010,'T,'HAL_PRCM_EnableAudioPLL
'0000d2c0,'00000010,'T,'HAL_PRCM_EnableAudioPLLPattern
'0000d1d0,'00000018,'T,'HAL_PRCM_EnableCPUWClk
'0000d26c,'00000010,'T,'HAL_PRCM_EnableDev2Clock
'0000d300,'00000018,'T,'HAL_PRCM_EnableHXTALOUT
'0000d0c4,'00000010,'T,'HAL_PRCM_EnableInter32KCalib
'0000d398,'00000014,'T,'HAL_PRCM_EnableSys2Isolation
'0000d8a8,'0000001c,'T,'HAL_PRCM_EnableTOPLDODeepsleep
'0000d70c,'0000003c,'T,'HAL_PRCM_EnableWakeupIOx
'0000d8c4,'0000001c,'T,'HAL_PRCM_EnableWlanCPUClk
'0000d924,'00000014,'T,'HAL_PRCM_EnableWlanCPUClkOvrHIF
'0000d99c,'00000014,'T,'HAL_PRCM_EnableWlanIRQOvrHIF
'0000d974,'00000014,'T,'HAL_PRCM_EnableWlanWUPOvrHIF
'0000d3c0,'00000014,'T,'HAL_PRCM_ForceCPUNReset
'0000d3f8,'00000014,'T,'HAL_PRCM_ForceSys2Reset
'0000d420,'00000014,'T,'HAL_PRCM_ForceSys3Reset
'0000d8f4,'00000014,'T,'HAL_PRCM_ForceWlanCPUReset
'0000d4d8,'00000010,'T,'HAL_PRCM_GetBANDGAPSTABLE_TIME
'0000d538,'0000000c,'T,'HAL_PRCM_GetCPUABootAddr
'0000d550,'0000000c,'T,'HAL_PRCM_GetCPUABootArg
'0000d51c,'00000010,'T,'HAL_PRCM_GetCPUABootFlag
'0000d198,'00000038,'T,'HAL_PRCM_GetCPUAClk
'0000d56c,'00000014,'T,'HAL_PRCM_GetCPUAPrivateData
'0000d4f8,'00000010,'T,'HAL_PRCM_GetDCDCSTABLE_TIME
'0000d28c,'00000028,'T,'HAL_PRCM_GetDev2Clock
'0000d824,'00000010,'T,'HAL_PRCM_GetFlashSipMode
'0000d088,'00000010,'T,'HAL_PRCM_GetHOSCType
'0000d0b0,'00000014,'T,'HAL_PRCM_GetInter32KFreq
'0000d590,'0000001c,'T,'HAL_PRCM_GetPrivateTime
'0000d848,'0000000c,'T,'HAL_PRCM_GetResetSource
'0000d490,'00000014,'T,'HAL_PRCM_GetSys1SleepPowerFlags
'0000d47c,'00000014,'T,'HAL_PRCM_GetSys1WakeupPowerFlags
'0000d5ac,'00000010,'T,'HAL_PRCM_GetWakeupTimerEnable
'0000d5f4,'00000010,'T,'HAL_PRCM_GetWakeupTimerPending
'0000d364,'00000010,'T,'HAL_PRCM_IsCPUADeepSleep
'0000d2e0,'00000010,'T,'HAL_PRCM_IsCPUAResetRelease
'0000d354,'00000010,'T,'HAL_PRCM_IsCPUASleep
'0000d340,'00000014,'T,'HAL_PRCM_IsCPUNDeepSleepAllowed
'0000d3e8,'00000010,'T,'HAL_PRCM_IsCPUNReleased
'0000d814,'00000010,'T,'HAL_PRCM_IsFlashSip
'0000d0e4,'00000010,'T,'HAL_PRCM_IsInter32KCalibEnabled
'0000d374,'00000010,'T,'HAL_PRCM_IsSys1Alive
'0000d2f0,'00000010,'T,'HAL_PRCM_IsSys1ResetRelease
'0000d458,'00000010,'T,'HAL_PRCM_IsSys3Alive
'0000d448,'00000010,'T,'HAL_PRCM_IsSys3Release
'0000d3d4,'00000014,'T,'HAL_PRCM_ReleaseCPUNReset
'0000d40c,'00000014,'T,'HAL_PRCM_ReleaseSys2Reset
'0000d434,'00000014,'T,'HAL_PRCM_ReleaseSys3Reset
'0000d94c,'00000014,'T,'HAL_PRCM_ReleaseWlanCPUOvrHIF
'0000d8e0,'00000014,'T,'HAL_PRCM_ReleaseWlanCPUReset
'0000d960,'00000014,'T,'HAL_PRCM_ResetWlanCPUOvrHIF
'0000cfe4,'00000018,'T,'HAL_PRCM_SelectEXTLDOVolt
'0000d1e8,'0000000c,'T,'HAL_PRCM_SetAudioPLLParam
'0000d2b4,'0000000c,'T,'HAL_PRCM_SetAudioPLLPatternParam
'0000d4b8,'00000010,'T,'HAL_PRCM_SetBANDGAPSTABLE_TIME
'0000d52c,'0000000c,'T,'HAL_PRCM_SetCPUABootAddr
'0000d544,'0000000c,'T,'HAL_PRCM_SetCPUABootArg
'0000d508,'00000014,'T,'HAL_PRCM_SetCPUABootFlag
'0000d14c,'0000004c,'T,'HAL_PRCM_SetCPUAClk
'0000d55c,'00000010,'T,'HAL_PRCM_SetCPUAPrivateData
'0000d4e8,'00000010,'T,'HAL_PRCM_SetDCDCSTABLE_TIME
'0000d254,'00000018,'T,'HAL_PRCM_SetDev2Clock
'0000d214,'00000018,'T,'HAL_PRCM_SetDevClock
'0000cffc,'00000014,'T,'HAL_PRCM_SetEXTLDOMdoe
'0000d074,'00000014,'T,'HAL_PRCM_SetHOSCType
'0000cfd0,'00000014,'T,'HAL_PRCM_SetLDO1RETVolt
'0000d054,'00000020,'T,'HAL_PRCM_SetLFCLKSource
'0000d010,'00000018,'T,'HAL_PRCM_SetPadClkOut
'0000d03c,'00000018,'T,'HAL_PRCM_SetPadClkOutFactorM
'0000d028,'00000014,'T,'HAL_PRCM_SetPadClkOutSource
'0000d580,'00000010,'T,'HAL_PRCM_SetPrivateTime
'0000d134,'00000018,'T,'HAL_PRCM_SetROMCycleMode
'0000d4c8,'00000010,'T,'HAL_PRCM_SetRTCLDOVoltage
'0000d4a4,'00000014,'T,'HAL_PRCM_SetSys1SleepPowerFlags
'0000d468,'00000014,'T,'HAL_PRCM_SetSys1WakeupPowerFlags
'0000d114,'00000010,'T,'HAL_PRCM_SetSysPLL
'0000cfb8,'00000018,'T,'HAL_PRCM_SetTOPLDOForceActive
'0000cfa4,'00000014,'T,'HAL_PRCM_SetTOPLDOVoltage
'0000d7e4,'00000018,'T,'HAL_PRCM_SetWakeupDebClk0
'0000d7fc,'00000018,'T,'HAL_PRCM_SetWakeupDebClk1
'0000d7a4,'00000040,'T,'HAL_PRCM_SetWakeupIOxDebSrc
'0000d748,'0000005c,'T,'HAL_PRCM_SetWakeupIOxDebouce
'0000d86c,'0000003c,'T,'HAL_PRCM_SetWdgNoResetPeriph
'0000d834,'00000014,'T,'HAL_PRCM_Start
'0000d908,'0000001c,'T,'HAL_PRCM_WakeUpWlan
'0000d6a8,'00000014,'T,'HAL_PRCM_WakeupIOClearEventDetected
'0000d64c,'00000014,'T,'HAL_PRCM_WakeupIODisable
'0000d6d0,'00000014,'T,'HAL_PRCM_WakeupIODisableCfgHold
'0000d6f8,'00000014,'T,'HAL_PRCM_WakeupIODisableGlobal
'0000d638,'00000014,'T,'HAL_PRCM_WakeupIOEnable
'0000d6bc,'00000014,'T,'HAL_PRCM_WakeupIOEnableCfgHold
'0000d6e4,'00000014,'T,'HAL_PRCM_WakeupIOEnableGlobal
'0000d688,'00000010,'T,'HAL_PRCM_WakeupIOGetEventStatus
'0000d698,'00000010,'T,'HAL_PRCM_WakeupIOIsEventDetected
'0000d674,'00000014,'T,'HAL_PRCM_WakeupIOSetFallingEvent
'0000d660,'00000014,'T,'HAL_PRCM_WakeupIOSetRisingEvent
'0000d5d0,'00000014,'T,'HAL_PRCM_WakeupTimerDisable
'0000d5bc,'00000014,'T,'HAL_PRCM_WakeupTimerEnable
'0000d628,'00000010,'T,'HAL_PRCM_WakeupTimerGetCompareValue
'0000d5e4,'00000010,'T,'HAL_PRCM_WakeupTimerGetCurrentValue
'0000d618,'00000010,'T,'HAL_PRCM_WakeupTimerSetCompareValue
'0000dd30,'00000028,'T,'HAL_RTC_FreeRunCntToTime
'0000dd58,'00000028,'T,'HAL_RTC_FreeRunTimeToCnt
'0000db74,'00000040,'T,'HAL_RTC_GetDDHHMMSS
'0000dd80,'00000024,'T,'HAL_RTC_GetFreeRunCnt
'0000dda4,'0000000e,'T,'HAL_RTC_GetFreeRunTime
'0000db34,'00000040,'T,'HAL_RTC_GetYYMMDD
'0000dad4,'00000060,'T,'HAL_RTC_SetDDHHMMSS
'0000da7c,'00000058,'T,'HAL_RTC_SetYYMMDD
'0000dbb4,'0000006c,'T,'HAL_RTC_StartSecAlarm
'0000dc5c,'0000009c,'T,'HAL_RTC_StartWDayAlarm
'0000dc20,'0000003c,'T,'HAL_RTC_StopSecAlarm
'0000dcf8,'00000038,'T,'HAL_RTC_StopWDayAlarm
'00012120,'000000c8,'T,'HAL_SDC_Create
'00012058,'000000c8,'T,'HAL_SDC_Deinit
'000121e8,'00000060,'T,'HAL_SDC_Destory
'00011d68,'000002f0,'T,'HAL_SDC_Init
'0001150c,'0000000a,'T,'HAL_SDC_Is_Busy
'00011518,'0000003c,'T,'HAL_SDC_Set_BusWidth
'0000dea0,'00000028,'T,'HAL_SYSCTL_GetDegData
'0000de68,'0000000c,'T,'HAL_SYSCTL_GetPsensorCnt
'0000de0c,'00000014,'T,'HAL_SYSCTL_SetCSIJPEGSramShare
'0000de74,'0000002c,'T,'HAL_SYSCTL_SetDbgData
'0000ddf4,'00000018,'T,'HAL_SYSCTL_SetMcuMode
'0000de34,'0000001c,'T,'HAL_SYSCTL_SetPsensorControl
'0000de20,'00000014,'T,'HAL_SYSCTL_SetWlanSramShare
'0000de50,'00000018,'T,'HAL_SYSCTL_WaitPsensorRdyAndClean
'0000e0bc,'00000030,'T,'HAL_TIMER_Continue
'0000e050,'0000006c,'T,'HAL_TIMER_DeInit
'0000df30,'000000c0,'T,'HAL_TIMER_Init
'0000dff0,'00000030,'T,'HAL_TIMER_Start
'0000e020,'00000030,'T,'HAL_TIMER_Stop
'0000e96c,'0000007c,'T,'HAL_UART_DeInit
'0000e914,'00000058,'T,'HAL_UART_DeInitRxDMA
'0000e8cc,'00000048,'T,'HAL_UART_DeInitTxDMA
'0000e730,'00000028,'T,'HAL_UART_DisableRxCallback
'0000eba4,'00000004,'T,'HAL_UART_DisableRxDMA
'0000eba0,'00000004,'T,'HAL_UART_DisableTxDMA
'0000e708,'00000028,'T,'HAL_UART_EnableRxCallback
'0000eb44,'0000005c,'T,'HAL_UART_EnableRxDMA
'0000eae8,'0000005c,'T,'HAL_UART_EnableTxDMA
'0000e568,'0000000c,'T,'HAL_UART_GetInstance
'0000e58c,'00000006,'T,'HAL_UART_GetRxData
'0000e598,'0000008c,'T,'HAL_UART_Init
'0000e80c,'000000c0,'T,'HAL_UART_InitRxDMA
'0000e758,'000000b4,'T,'HAL_UART_InitTxDMA
'0000e584,'00000008,'T,'HAL_UART_IsRxReady
'0000e57c,'00000008,'T,'HAL_UART_IsTxEmpty
'0000e574,'00000008,'T,'HAL_UART_IsTxReady
'0000e592,'00000004,'T,'HAL_UART_PutTxData
'0000ebec,'00000044,'T,'HAL_UART_Receive_DMA
'0000e690,'00000078,'T,'HAL_UART_Receive_IT
'0000ec68,'0000009c,'T,'HAL_UART_Receive_Poll
'0000ed04,'0000002c,'T,'HAL_UART_SetBreakCmd
'0000ed30,'0000001c,'T,'HAL_UART_SetBypassPmMode
'0000ed4c,'000000a4,'T,'HAL_UART_SetConfig
'0000edf0,'00000024,'T,'HAL_UART_SetTxDelay
'0000ea60,'0000004c,'T,'HAL_UART_StartReceive_DMA
'0000e9e8,'0000003c,'T,'HAL_UART_StartTransmit_DMA
'0000eaac,'0000003c,'T,'HAL_UART_StopReceive_DMA
'0000ea24,'0000003c,'T,'HAL_UART_StopTransmit_DMA
'0000eba8,'00000044,'T,'HAL_UART_Transmit_DMA
'0000e624,'0000006c,'T,'HAL_UART_Transmit_IT
'0000ec30,'00000038,'T,'HAL_UART_Transmit_Poll
'0000f664,'00000020,'T,'HAL_WDG_DeInit
'0000f5c4,'00000010,'T,'HAL_WDG_Feed
'0000f58c,'00000038,'T,'HAL_WDG_Init
'0000f684,'00000020,'T,'HAL_WDG_Reboot
'0000f6a4,'00000020,'T,'HAL_WDG_ResetCpu
'0000f5d4,'00000018,'T,'HAL_WDG_Start
'0000f608,'00000010,'T,'HAL_WDG_Stop
'0000f384,'00000048,'T,'HAL_Wakeup_CheckIOMode
'0000f0d4,'00000018,'T,'HAL_Wakeup_ClrIO
'0000f26c,'000000ac,'T,'HAL_Wakeup_ClrSrc
'0000f01c,'00000020,'T,'HAL_Wakeup_ClrTimer
'0000f414,'00000018,'T,'HAL_Wakeup_DeInit
'0000f3d0,'0000000c,'T,'HAL_Wakeup_GetEvent
'0000f3e8,'0000002c,'T,'HAL_Wakeup_Init
'0000f318,'0000006c,'T,'HAL_Wakeup_ReadIO
'0000f3cc,'00000004,'T,'HAL_Wakeup_ReadTimerPending
'0000ef3c,'0000000c,'T,'HAL_Wakeup_SetDebugMask
'0000f3dc,'0000000c,'T,'HAL_Wakeup_SetEvent
'0000f03c,'00000098,'T,'HAL_Wakeup_SetIO
'0000f150,'00000016,'T,'HAL_Wakeup_SetIOHold
'0000f168,'00000104,'T,'HAL_Wakeup_SetSrc
'0000effc,'00000020,'T,'HAL_Wakeup_SetTimer
'0000f878,'00000074,'T,'HAL_Xip_Deinit
'0000f788,'000000f0,'T,'HAL_Xip_Init
'0000f714,'0000000c,'T,'HAL_Xip_SetDbgMask
'0000f780,'00000006,'T,'HAL_Xip_setAddr
'0000f720,'00000050,'T,'HAL_Xip_setCmd
'0000f770,'0000000c,'T,'HAL_Xip_setContinue
'0000f77c,'00000004,'T,'HAL_Xip_setDelay
'0000c38c,'0000001c,'T,'I2C0_IRQHandler
'0000c3a8,'00000020,'T,'I2C1_IRQHandler
'0000c0fc,'000001c0,'t,'I2C_IRQHandler
'0000c3c8,'000000ec,'t,'I2C_Master_common
'0000c2bc,'000000d0,'t,'I2C_SCCBIRQHandler
'000249f0,'00000024,'t,'L_shift
'e000ed04,'a,'NVIC_ICSR
'e000ed10,'a,'NVIC_SCR
'e000e010,'a,'NVIC_SYSTICK_CTRL
'00200178,'00000010,'D,'P25Q16H_FlashChip
'00200198,'00000010,'D,'P25Q40H_FlashChip
'00200188,'00000010,'D,'P25Q80H_FlashChip
'00015a04,'0000006c,'t,'P25QXXH_FlashCtor
'00015a00,'00000004,'t,'P25QXXH_FlashDeinit
'00015a70,'000000e0,'t,'P25QXXH_FlashInit
'00015b50,'000000e8,'t,'P25QXXH_WriteStatus
'00026e20,'00000040,'t,'PIo2
'0000a2a8,'00000042,'t,'PM_FlashResume
'0000a2ea,'00000042,'t,'PM_FlashSuspend
'0000f6dc,'0000001c,'t,'PM_XipResume
'0000f6f8,'0000001c,'t,'PM_XipSuspend
'0000d9e4,'00000010,'t,'PRCM_HOSCClock.9961
'0001c0e4,'00000060,'T,'PendSV_Handler
'00006088,'0000007c,'t,'Post_Multiply64
'00006008,'00000080,'t,'Pre_Multiply64
'00006104,'00000358,'T,'QMF_Analysis
'0000645c,'00000284,'T,'QMF_Synthesis
'0000da50,'0000002c,'T,'RTC_SecAlarm_IRQHandler
'0000da2c,'00000024,'T,'RTC_WDayAlarm_IRQHandler
'00010e6e,'00000006,'t,'SDC0_IRQHandler
'00010e68,'00000006,'T,'SDC1_IRQHandler
'00019064,'00000098,'T,'SHA1Final
'00018fc0,'00000034,'T,'SHA1Init
'00018194,'00000e2c,'T,'SHA1Transform
'00018ff4,'0000006e,'T,'SHA1Update
'0001c08c,'00000020,'T,'SVC_Handler
'00005694,'000000f8,'T,'Subband
'0001c144,'00000030,'T,'SysTick_Handler
'002006b4,'00000004,'B,'SystemCoreClock
'0000df24,'00000006,'T,'TIMER0_IRQHandler
'0000df2a,'00000006,'T,'TIMER1_IRQHandler
'0000def4,'00000030,'t,'TIMER_IRQHandler
'00026e60,'00000010,'t,'TWO52
'0000e27c,'00000014,'T,'UART0_IRQHandler
'0000e290,'00000014,'T,'UART1_IRQHandler
'0000e2a4,'00000014,'T,'UART2_IRQHandler
'0000e164,'00000020,'t,'UART_CalcClkDiv
'0000e2dc,'00000030,'t,'UART_CreateITPrivate
'0000e184,'00000010,'t,'UART_DMAEndCallback
'0000e4c4,'0000005a,'t,'UART_HwDeInit
'0000e30c,'0000001e,'t,'UART_HwDeInitDMA
'0000e32c,'00000124,'t,'UART_HwInit.isra.3
'0000e2b8,'00000022,'t,'UART_HwInitDMA
'0000e194,'000000e8,'t,'UART_IRQHandler
'0000f618,'0000002c,'t,'WDG_HwDeInit
'0000f544,'00000048,'t,'WDG_HwInit
'0000f520,'00000024,'T,'WDG_IRQHandler
'0000ef48,'00000022,'T,'Wakeup_ClrIO
'0000ef7a,'00000016,'T,'Wakeup_ClrTimer
'0000ef6a,'00000010,'T,'Wakeup_DisTimer
'0000efc8,'00000034,'T,'Wakeup_SetTimer
'0000ef90,'00000038,'T,'Wakeup_Source_Handler
'002001a8,'00000010,'D,'XM25QH64A_FlashChip
'00015c54,'00000050,'t,'XM25QHXXA_FlashCtor
'00015c4e,'00000004,'t,'XM25QHXXA_FlashDeinit
'00015db4,'000000e0,'t,'XM25QHXXA_FlashInit
'00015ca4,'00000068,'T,'XM25QHXXA_ReadStatus
'00015d0c,'000000a8,'t,'XM25QHXXA_WriteStatus
'002001c8,'00000010,'D,'XT25F16B_FlashChip
'002001d8,'00000010,'D,'XT25F32B_FlashChip
'002001b8,'00000010,'D,'XT25F64B_FlashChip
'00015eb0,'00000068,'t,'XT25FXXB_FlashCtor
'00015eac,'00000004,'t,'XT25FXXB_FlashDeinit
'00015f18,'000000e0,'t,'XT25FXXB_FlashInit
'00015ff8,'000000d4,'t,'XT25FXXB_WriteStatus
'00024b30,'0000006a,'T,'_Balloc
'00024b9a,'0000002e,'T,'_Bfree
'00025cac,'00000276,'T,'__adddf3
'000264d0,'00000010,'T,'__aeabi_cdcmpeq
'000264d0,'00000010,'T,'__aeabi_cdcmple
'000264c0,'00000020,'T,'__aeabi_cdrcmple
'000265d4,'0000009e,'T,'__aeabi_d2f
'00026544,'0000004e,'T,'__aeabi_d2iz
'00026594,'00000040,'T,'__aeabi_d2uiz
'00025cac,'00000276,'T,'__aeabi_dadd
'000264e0,'00000012,'T,'__aeabi_dcmpeq
'0002651c,'00000012,'T,'__aeabi_dcmpge
'00026530,'00000012,'T,'__aeabi_dcmpgt
'00026508,'00000012,'T,'__aeabi_dcmple
'000264f4,'00000012,'T,'__aeabi_dcmplt
'00026264,'000001d0,'T,'__aeabi_ddiv
'00026010,'00000254,'T,'__aeabi_dmul
'00025ca0,'T,'__aeabi_drsub
'00025ca8,'0000027a,'T,'__aeabi_dsub
'00025f68,'0000003a,'T,'__aeabi_f2d
'00025f44,'00000022,'T,'__aeabi_i2d
'00026738,'00000002,'W,'__aeabi_idiv0
'00025fb4,'0000005a,'T,'__aeabi_l2d
'00026738,'00000002,'W,'__aeabi_ldiv0
'00026674,'T,'__aeabi_ldivmod
'00025c88,'00000018,'T,'__aeabi_llsl
'00025f24,'0000001e,'T,'__aeabi_ui2d
'00025fa4,'0000006a,'T,'__aeabi_ul2d
'000266ac,'T,'__aeabi_uldivmod
'000252dc,'00000044,'T,'__any_on
'00025c88,'00000018,'T,'__ashldi3
'00025114,'0000009e,'T,'__b2d
'00026444,'0000007a,'T,'__cmpdf2
'000252a8,'00000034,'T,'__copybits
'000074fc,'00000058,'T,'__cpu_sleep
'00007554,'00000106,'T,'__cpu_suspend
'00200258,'00000004,'D,'__ctype_ptr__
'00020f6a,'000000c0,'T,'__cvt
'000251b2,'000000a4,'T,'__d2b
'00026264,'000001d0,'T,'__divdf3
'0002673c,'0000029c,'T,'__divdi3
'00026444,'0000007a,'T,'__eqdf2
'00020e80,'0000000c,'T,'__errno
'0002102a,'00000060,'T,'__exponent
'00025f68,'0000003a,'T,'__extendsfdf2
'002001f0,'00000001,'D,'__fdlib_version
'00026544,'0000004e,'T,'__fixdfsi
'00026594,'00000040,'T,'__fixunsdfsi
'00025fb4,'0000005a,'T,'__floatdidf
'00025f44,'00000022,'T,'__floatsidf
'00025fa4,'0000006a,'T,'__floatundidf
'00025f24,'0000001e,'T,'__floatunsidf
'00020cac,'00000058,'T,'__fpclassifyd
'0000f4fa,'00000011,'t,'__func__.10002
'0000dec8,'00000016,'t,'__func__.10003
'0000dede,'00000016,'t,'__func__.10007
'0000f50b,'00000013,'t,'__func__.10020
'0000e0ec,'0000000f,'t,'__func__.10029
'0000e150,'00000011,'t,'__func__.10035
'0000e10a,'00000010,'t,'__func__.10039
'0000e0fb,'0000000f,'t,'__func__.10043
'0000ddb2,'0000001a,'t,'__func__.10047
'0000e11a,'00000013,'t,'__func__.10047
'0000b93b,'00000018,'t,'__func__.10072
'0000ddcc,'00000012,'t,'__func__.10073
'0000ddde,'00000014,'t,'__func__.10080
'0000c0e4,'00000013,'t,'__func__.10140
'0000c080,'00000014,'t,'__func__.10156
'000080ca,'00000010,'t,'__func__.10205
'000080b8,'00000012,'t,'__func__.10221
'0000933f,'00000011,'t,'__func__.10227
'0000cbd3,'0000000f,'t,'__func__.10232
'0000d9f4,'00000019,'t,'__func__.10237
'00012b1a,'0000000c,'t,'__func__.10237
'0000d9c4,'0000001d,'t,'__func__.10242
'00012b49,'00000012,'t,'__func__.10246
'0000da0d,'0000001c,'t,'__func__.10247
'000122d8,'00000013,'t,'__func__.10264
'00009195,'0000000d,'t,'__func__.10273
'0000ca48,'0000000d,'t,'__func__.10277
'000091b8,'0000000f,'t,'__func__.10283
'0000cbc4,'0000000f,'t,'__func__.10287
'0000936a,'00000015,'t,'__func__.10296
'0000cbf8,'00000012,'t,'__func__.10300
'000134f6,'00000012,'t,'__func__.10307
'00009160,'0000001a,'t,'__func__.10309
'000122c5,'00000013,'t,'__func__.10312
'0000917a,'0000001b,'t,'__func__.10315
'000106b2,'0000000c,'t,'__func__.10317
'000091a2,'00000016,'t,'__func__.10325
'000106db,'00000015,'t,'__func__.10326
'00012ad9,'00000012,'t,'__func__.10335
'00009350,'0000001a,'t,'__func__.10341
'0000937f,'00000016,'t,'__func__.10347
'00009395,'00000015,'t,'__func__.10353
'00010c3b,'00000011,'t,'__func__.10356
'000093aa,'00000014,'t,'__func__.10357
'0000932e,'00000011,'t,'__func__.10362
'00012b5b,'00000017,'t,'__func__.10363
'0000ee27,'0000000e,'t,'__func__.10375
'000106cc,'0000000f,'t,'__func__.10387
'00012308,'00000015,'t,'__func__.10391
'00010bfb,'00000010,'t,'__func__.10397
'00012b3a,'0000000f,'t,'__func__.10405
'0000ef28,'00000013,'t,'__func__.10415
'0000ee14,'00000013,'t,'__func__.10423
'00010692,'00000011,'t,'__func__.10425
'000106a3,'0000000f,'t,'__func__.10431
'00010674,'0000000f,'t,'__func__.10436
'000106f0,'0000000b,'t,'__func__.10444
'00010c1b,'00000010,'t,'__func__.10452
'00010c0b,'00000010,'t,'__func__.10461
'00012b26,'00000014,'t,'__func__.10465
'00012af8,'00000015,'t,'__func__.10469
'00010c2b,'00000010,'t,'__func__.10471
'000106be,'0000000e,'t,'__func__.10482
'00013508,'0000000f,'t,'__func__.10482
'000122eb,'0000000e,'t,'__func__.10487
'00010683,'0000000f,'t,'__func__.10490
'00012b0d,'0000000d,'t,'__func__.10508
'00012aeb,'0000000d,'t,'__func__.10515
'0001231d,'0000000f,'t,'__func__.10541
'00013ada,'0000000d,'t,'__func__.10544
'000122f9,'0000000f,'t,'__func__.10550
'0001232c,'00000010,'t,'__func__.10554
'000122b4,'00000011,'t,'__func__.10559
'00013ae7,'00000010,'t,'__func__.10561
'00012b88,'00000012,'t,'__func__.10564
'00013520,'00000011,'t,'__func__.10569
'00013ab8,'00000014,'t,'__func__.10578
'0001353f,'00000012,'t,'__func__.10595
'00013551,'00000011,'t,'__func__.10611
'00013a87,'0000000f,'t,'__func__.10624
'00013acc,'0000000e,'t,'__func__.10629
'00013531,'0000000e,'t,'__func__.10637
'00016af0,'0000000d,'t,'__func__.8933
'00017977,'00000017,'t,'__func__.8940
'00016656,'0000000d,'t,'__func__.8944
'00016c57,'0000001a,'t,'__func__.8959
'0001687e,'0000000e,'t,'__func__.8972
'00016c71,'00000010,'t,'__func__.8972
'0001805b,'00000012,'t,'__func__.8975
'0001688c,'0000000e,'t,'__func__.8983
'0001794c,'0000000f,'t,'__func__.8990
'00017ffd,'00000017,'t,'__func__.9010
'0001686f,'0000000f,'t,'__func__.9011
'00018052,'00000009,'t,'__func__.9024
'00016640,'0000000b,'t,'__func__.9036
'0001664b,'0000000b,'t,'__func__.9043
'000179af,'00000013,'t,'__func__.9063
'00017fea,'00000013,'t,'__func__.9070
'00018028,'00000011,'t,'__func__.9080
'00018039,'00000015,'t,'__func__.9126
'00018014,'00000014,'t,'__func__.9135
'0001806d,'00000015,'t,'__func__.9144
'000179a0,'0000000f,'t,'__func__.9157
'0001798e,'00000012,'t,'__func__.9179
'00018082,'00000012,'t,'__func__.9194
'00017969,'0000000e,'t,'__func__.9210
'0001795b,'0000000e,'t,'__func__.9219
'00014bf3,'00000016,'t,'__func__.9239
'00014c09,'00000011,'t,'__func__.9248
'0001476e,'00000013,'t,'__func__.9264
'000147c7,'00000016,'t,'__func__.9278
'00009c65,'00000016,'t,'__func__.9295
'00009c7b,'00000011,'t,'__func__.9303
'00014c24,'00000011,'t,'__func__.9306
'0001475c,'00000012,'t,'__func__.9312
'00009be4,'0000001b,'t,'__func__.9313
'00009bff,'00000010,'t,'__func__.9320
'000147a4,'00000013,'t,'__func__.9325
'000147dd,'0000000f,'t,'__func__.9340
'00014791,'00000013,'t,'__func__.9385
'00014781,'00000010,'t,'__func__.9414
'000147b7,'00000010,'t,'__func__.9422
'00014be1,'00000012,'t,'__func__.9427
'0000f42c,'00000010,'t,'__func__.9989
'0000f43c,'00000014,'t,'__func__.9996
'00026434,'0000008a,'T,'__gedf2
'000245a6,'0000044a,'T,'__gethex
'000266d8,'0000002e,'T,'__gnu_ldivmod_helper
'00026708,'0000002e,'T,'__gnu_uldivmod_helper
'00026434,'0000008a,'T,'__gtdf2
'0002457c,'0000002a,'T,'__hexdig_fun
'00024a14,'00000114,'T,'__hexnan
'00024cc4,'00000040,'T,'__hi0bits
'00024d5e,'00000012,'T,'__i2b
'0001ecc8,'000003ca,'T,'__ieee754_log
'0001f098,'00000a98,'T,'__ieee754_pow
'0001fb30,'0000043c,'T,'__ieee754_rem_pio2
'0001ff70,'00000188,'T,'__ieee754_sqrt
'000200f8,'0000024c,'T,'__kernel_cos
'00020348,'000007d8,'T,'__kernel_rem_pio2
'00020b20,'0000016c,'T,'__kernel_sin
'0002643c,'00000082,'T,'__ledf2
'00024d04,'0000005a,'T,'__lo0bits
'00024f30,'000000a6,'T,'__lshift
'0002643c,'00000082,'T,'__ltdf2
'00010f84,'00000050,'t,'__mci_cd_irq
'00011080,'0000007c,'t,'__mci_cd_timer
'00010f6c,'00000016,'t,'__mci_clk_disable_unprepare
'000112bc,'00000038,'t,'__mci_clk_prepare_enable
'00011060,'00000020,'t,'__mci_dat3_det
'00011116,'0000001c,'t,'__mci_hold_io
'00010cac,'000001bc,'t,'__mci_irq_handler
'00010c4c,'00000060,'t,'__mci_program_clk
'000110fc,'0000001a,'t,'__mci_restore_io
'000112f4,'00000130,'t,'__mci_resume
'00011134,'00000188,'t,'__mci_suspend
'00010fd4,'00000054,'t,'__mci_update_clk
'00010e74,'000000f8,'t,'__mci_update_clock
'00011028,'00000038,'t,'__mci_voltage_stable_det
'00011424,'00000034,'T,'__mci_wait_access_done
'00024fd6,'00000038,'T,'__mcmp
'0002500e,'000000be,'T,'__mdiff
'00027770,'00000028,'T,'__mprec_bigtens
'000276a8,'000000c8,'T,'__mprec_tens
'00026010,'00000254,'T,'__muldf3
'00024bc8,'0000007c,'T,'__multadd
'00024d70,'00000122,'T,'__multiply
'00026444,'0000007a,'T,'__nedf2
'00024e94,'0000009c,'T,'__pow5mult
'00025256,'00000052,'T,'__ratio
'002006c4,'B,'__rom_end_bss
'00200294,'D,'__rom_end_data
'00027848,'R,'__rom_end_text
'00200294,'B,'__rom_start_bss
'00200000,'D,'__rom_start_data
'00004800,'T,'__rom_start_text
'00024c44,'00000080,'T,'__s2b
'00025bac,'00000064,'T,'__sccl
'0000fc00,'00000180,'T,'__sdmmc_block_rw
'000220d4,'00000004,'T,'__seofread
'00027820,'00000020,'T,'__sf_fake_stderr
'000277e0,'00000020,'T,'__sf_fake_stdin
'00027800,'00000020,'T,'__sf_fake_stdout
'00025320,'000000b2,'T,'__ssputs_r
'00025632,'0000003a,'T,'__ssrefill_r
'0002566c,'0000029c,'T,'__ssvfiscanf_r
'0002566c,'0000029c,'T,'__ssvfscanf_r
'000233c8,'00000056,'T,'__strtok_r
'00025ca8,'0000027a,'T,'__subdf3
'00025c10,'00000076,'T,'__submore
'000265d4,'0000009e,'T,'__truncdfsf2
'000269d8,'0000026a,'T,'__udivdi3
'000250cc,'00000048,'T,'__ulp
'0001e0fc,'0000000c,'T,'__wrap__free_r
'0001e0e4,'0000000c,'T,'__wrap__malloc_r
'0001e0f0,'0000000c,'T,'__wrap__realloc_r
'0001e4c8,'0000000c,'T,'__wrap_fflush
'0001e470,'0000001a,'T,'__wrap_fprintf
'0001e4bc,'0000000c,'T,'__wrap_fputc
'0001e498,'0000000c,'T,'__wrap_fputs
'0001e114,'00000134,'T,'__wrap_memcpy
'0001e248,'0000015c,'T,'__wrap_memmove
'0001e3a4,'0000009a,'T,'__wrap_memset
'0001e43e,'0000001a,'T,'__wrap_printf
'0001e4b0,'0000000c,'T,'__wrap_putc
'0001e4a4,'0000000c,'T,'__wrap_putchar
'0001e464,'0000000c,'T,'__wrap_puts
'0001e48c,'0000000c,'T,'__wrap_vfprintf
'0001e458,'0000000c,'T,'__wrap_vprintf
'002002e4,'00000004,'b,'_adc_priv
'00020f4e,'0000001c,'T,'_calloc_r
'00019ca6,'00000100,'T,'_ctype
'00027594,'00000101,'T,'_ctype_
'00023988,'00000b88,'T,'_dtoa_r
'000170b8,'000000e0,'t,'_image_check_section.constprop.7
'00200254,'00000004,'D,'_impure_ptr
'00024b28,'00000008,'T,'_localeconv_r
'00200518,'00000008,'b,'_mci_host
'00021514,'000000ea,'T,'_printf_common
'0002108c,'00000486,'W,'_printf_float
'00021600,'00000234,'T,'_printf_i
'0001e108,'0000000c,'T,'_sbrk
'00025908,'000000c0,'T,'_scanf_chars
'00021834,'000003cc,'W,'_scanf_float
'000259c8,'000001e4,'T,'_scanf_i
'00022190,'000003cc,'T,'_strerror_r
'00022728,'00000c24,'T,'_strtod_r
'00023420,'0000010c,'T,'_strtol_r
'00023564,'00000178,'T,'_strtoll_r
'000236dc,'000000f8,'T,'_strtoul_r
'000255b8,'0000007a,'T,'_sungetc_r
'000253d4,'000001e4,'T,'_svfiprintf_r
'000253d4,'000001e4,'T,'_svfprintf_r
'000237f0,'00000004,'T,'_user_strerror
'000237f4,'00000052,'T,'_vsniprintf_r
'000237f4,'00000052,'T,'_vsnprintf_r
'00020e2c,'00000008,'T,'abs
'0000914c,'00000014,'t,'adc_drv
'000093be,'00000004,'t,'adc_name
'00008f70,'00000068,'t,'adc_resume
'00009024,'00000030,'t,'adc_suspend
'00020e34,'00000008,'T,'atoi
'00020e3c,'00000008,'T,'atol
'0001c77a,'000000a6,'t,'bcj_apply
'0001c734,'00000046,'t,'bcj_flush
'00026c78,'00000010,'t,'bp
'00020e44,'00000014,'T,'calloc
'00200510,'00000008,'b,'card_info
'0020002c,'00000020,'d,'ccm_dev
'0000993c,'00000014,'t,'ccm_drv
'002002ec,'00000018,'b,'ccm_reg_store
'00009418,'00000038,'t,'ccm_resume
'000093e8,'00000030,'t,'ccm_suspend
'002002e0,'00000001,'b,'chan.10253
'00007838,'0000000c,'T,'check_wakeup_irqs
'00020c90,'0000000e,'T,'copysign
'0001e4d8,'00000084,'T,'cos
'000066e0,'00000088,'t,'cos1sin1_tab64
'00006768,'00000100,'t,'cos4sin4_tab64
'00004e7c,'000000c0,'t,'dcttab
'0001d5f4,'0000006c,'t,'dec_vli
'00015002,'00000034,'T,'defaultDisableQPIMode
'000154d2,'00000004,'T,'defaultDisableXIP
'000152e4,'0000009c,'T,'defaultDriverRead
'00015248,'0000009c,'T,'defaultDriverWrite
'00014fb2,'00000050,'T,'defaultEnableQPIMode
'000154ce,'00000004,'T,'defaultEnableXIP
'00014e3c,'0000009c,'T,'defaultErase
'00014f7e,'00000034,'T,'defaultGetJedecID
'00015570,'0000001c,'T,'defaultGetMinEraseSize
'0001507e,'0000003a,'T,'defaultGetUniqueID
'000154d6,'00000022,'T,'defaultIsBusy
'000150b8,'00000088,'T,'defaultPageProgram
'00014f24,'00000026,'T,'defaultPowerDown
'00015140,'00000108,'T,'defaultRead
'00014d44,'00000068,'T,'defaultReadStatus
'00014f4a,'00000034,'T,'defaultReleasePowerDown
'00015036,'00000048,'T,'defaultReset
'00014efe,'00000026,'T,'defaultResumeErasePageprogram
'00015446,'0000000a,'T,'defaultSetFreq
'00014ed8,'00000026,'T,'defaultSuspendErasePageprogram
'00015450,'0000007e,'T,'defaultSwitchReadMode
'00014d1a,'0000002a,'T,'defaultWriteDisable
'00014cf0,'0000002a,'T,'defaultWriteEnable
'00014dac,'00000090,'T,'defaultWriteStatus
'00015380,'000000c6,'T,'defaultXipDriverCfg
'0001ca6a,'00000050,'t,'dict_repeat.part.0
'00020e58,'00000028,'T,'div
'00026c58,'00000010,'t,'dp_h
'00026c68,'00000010,'t,'dp_l
'00200014,'00000008,'d,'dpm_late_early_list
'00200000,'00000008,'d,'dpm_list
'00200008,'00000008,'d,'dpm_noirq_list
'00007b0c,'000000a0,'T,'dpm_resume
'00007a68,'000000a4,'T,'dpm_resume_noirq
'000076bc,'00000040,'t,'dpm_show_time.isra.0
'0000796c,'000000fc,'T,'dpm_suspend
'00007844,'00000128,'T,'dpm_suspend_noirq
'0020001c,'00000008,'d,'dpm_suspended_list
'0001b698,'00000034,'T,'eTaskConfirmSleepModeStatus
'0001abcc,'00000060,'T,'eTaskGetState
'00200548,'00000004,'B,'exceptin_step
'000192c8,'000002fc,'T,'exception_entry
'00019290,'00000038,'t,'exception_hex_dump
'000195c4,'0000001c,'T,'exception_panic
'0001ddd8,'000002ec,'T,'export_rom_symbol
'0001e55c,'00000006,'T,'fabs
'0020006c,'00000001,'D,'fc_debug_mask
'000160e2,'00000026,'t,'fdcm_bit_count
'00016610,'00000030,'T,'fdcm_close
'00016590,'00000080,'T,'fdcm_erase
'00016108,'00000114,'t,'fdcm_rewrite
'0001d688,'0000004e,'t,'fill_temp
'00020ca0,'0000000c,'T,'finite
'00009f84,'00000014,'t,'flashDriverDestory
'0020004c,'00000008,'D,'flashNodeHead
'00200388,'00000004,'B,'flash_ctrl
'00200054,'00000001,'D,'flash_dbg_mask
'00200058,'00000014,'d,'flash_drv
'00009fc8,'00000030,'T,'flashcFlashClose
'00009ff8,'00000020,'T,'flashcFlashDestroy
'0000a018,'0000004c,'T,'flashcFlashIoctl
'00009f6c,'00000018,'T,'flashcFlashMsleep
'00009f98,'00000030,'T,'flashcFlashOpen
'0000a15a,'00000070,'T,'flashcFlashRead
'00009f64,'00000006,'T,'flashcFlashSetFreq
'0000a0ea,'00000070,'T,'flashcFlashWrite
'0000adec,'0000007c,'T,'flashc_resume
'0000ad50,'0000009c,'T,'flashc_suspend
'0001e568,'00000110,'T,'floor
'00027540,'00000014,'t,'fpi.5242
'00027580,'00000014,'t,'fpinan.5278
'00020ea4,'00000010,'T,'free
'002002e8,'00000004,'b,'gBoardIoctlCb
'00200304,'00000001,'b,'gDMAChannelUsed
'00200308,'00000080,'b,'gDMAPrivate
'0000c0f7,'00000003,'t,'gGpioIrqPinNum
'002003a4,'0000000c,'b,'gGpioPinStatus
'0000c074,'0000000c,'t,'gGpioPortCtrl
'0000c0d8,'0000000c,'t,'gGpioPortIrq
'0020038c,'00000018,'b,'gGpioPrivate
'0000ca40,'00000008,'t,'gI2CInstance
'002003c4,'00000030,'b,'gI2CPrivate
'002004b8,'00000008,'b,'gRtcSecAlarmPriv
'002004c0,'00000008,'b,'gRtcWDayAlarmPriv
'002004c8,'00000018,'b,'gTimerPrivate
'0000ef08,'0000000c,'t,'gUartInstance
'0000eef3,'00000012,'t,'gUartName
'002004e0,'0000000c,'b,'gUartPrivate
'00200508,'00000005,'b,'gWdgPmPrivate
'00200500,'00000008,'b,'gWdgPrivate
'0000a264,'00000004,'T,'getFlashChip
'0000a26c,'0000003c,'T,'getFlashDev
'0000a268,'00000004,'T,'getFlashMode
'0001d5de,'00000016,'t,'get_unaligned_le32
'00200070,'00000020,'d,'gpio_dev
'0000c0c4,'00000014,'t,'gpio_drv
'0000ba30,'0000007c,'t,'gpio_resume
'0000baac,'00000060,'t,'gpio_suspend
'002003b4,'00000010,'b,'hal_i2c_param
'002003b0,'00000001,'b,'hal_i2c_suspending
'0001990c,'0000003e,'T,'hex2bin
'00019c95,'00000011,'T,'hex_asc
'0001994c,'000001ac,'T,'hex_dump_to_buffer
'000198dc,'00000030,'T,'hex_to_bin
'00018178,'0000001c,'T,'hmac_sha1
'00018094,'000000e4,'T,'hmac_sha1_vector
'00200090,'00000040,'d,'i2c_dev
'0000cbe4,'00000014,'t,'i2c_drv
'0000c660,'00000030,'t,'i2c_resume
'0000c744,'00000024,'t,'i2c_suspend
'00017198,'000000f0,'T,'image_check_data
'00017064,'00000054,'T,'image_check_header
'00017288,'00000088,'T,'image_check_section
'00017310,'000000c4,'T,'image_check_sections
'00016c84,'00000028,'t,'image_clear_sec_addr.constprop.9
'002001e8,'00000002,'D,'image_dbg_mask
'00016e48,'00000018,'T,'image_deinit
'00016cac,'0000019c,'t,'image_get_addr.constprop.8
'000174b4,'0000015c,'T,'image_get_cfg
'00017028,'0000003c,'T,'image_get_checksum
'00016e60,'00000008,'T,'image_get_ota_param
'00016e90,'00000028,'T,'image_get_running_seq
'00016eb8,'00000038,'T,'image_get_section_addr
'000173d4,'000000e0,'T,'image_get_size
'00017610,'000001b4,'T,'image_init
'00200520,'00000028,'b,'image_priv
'00016ef0,'000000f4,'T,'image_rw
'000177c4,'0000017c,'T,'image_set_cfg
'00017940,'0000000c,'T,'image_set_dbg_mask
'00016e68,'00000028,'T,'image_set_running_seq
'002001f4,'00000060,'d,'impure_data
'0001d660,'00000028,'t,'index_update
'00026e10,'00000010,'t,'init_jk
'002002ac,'00000004,'b,'initcall_debug_delay_us
'0000a0cc,'0000001e,'T,'insToFcIns
'00020e8c,'00000008,'T,'labs
'0020025c,'00000038,'d,'lconv
'00007688,'00000014,'t,'list_move
'0001e81c,'00000100,'T,'log
'0001e4d4,'00000004,'T,'logl
'0001c952,'00000118,'t,'lzma_len
'0001caba,'000005f4,'t,'lzma_main
'00020e94,'00000010,'T,'malloc
'000226c0,'00000026,'t,'match
'00020d04,'00000004,'T,'matherr
'00021c34,'00000044,'t,'med3
'00020eb4,'0000001e,'T,'memchr
'00020ed2,'00000020,'T,'memcmp
'00020ef2,'00000016,'T,'memcpy
'00020f08,'00000036,'T,'memmove
'00020f3e,'00000010,'T,'memset
'0000fd80,'0000020c,'T,'mmc_add_card
'0000f980,'00000008,'T,'mmc_align_data_size
'000101a4,'00000060,'T,'mmc_all_send_cid
'0000fa54,'00000068,'T,'mmc_app_cmd
'00012c38,'000000ac,'T,'mmc_app_sd_status
'00012ce4,'00000076,'T,'mmc_app_send_scr
'0000fb2c,'0000003c,'T,'mmc_app_set_bus_width
'00010204,'00000048,'T,'mmc_attach_bus
'00013248,'0000027c,'T,'mmc_attach_sd
'00014678,'000000b8,'T,'mmc_attach_sdio
'0000ffc4,'00000090,'T,'mmc_block_read
'00010054,'00000090,'T,'mmc_block_write
'000105fc,'00000078,'T,'mmc_card_close
'00010414,'000000d4,'T,'mmc_card_create
'000103bc,'00000058,'T,'mmc_card_deinit
'000104e8,'000000a8,'T,'mmc_card_delete
'00010590,'0000006c,'T,'mmc_card_open
'000134c4,'00000022,'T,'mmc_deattach_sd
'00014730,'00000024,'T,'mmc_deattach_sdio
'00012d5a,'0000005c,'T,'mmc_decode_cid
'0001024c,'0000002c,'T,'mmc_detach_bus
'00013ea4,'00000038,'t,'mmc_io_rw_direct.constprop.14
'00013af8,'00000134,'t,'mmc_io_rw_direct_host
'00013c80,'00000140,'t,'mmc_io_rw_extended.constprop.11
'0000f914,'00000034,'t,'mmc_power_off
'00010278,'00000144,'T,'mmc_rescan
'00012f28,'00000114,'T,'mmc_sd_get_csd
'0001323c,'0000000c,'T,'mmc_sd_get_max_clock
'00012b9c,'00000050,'t,'mmc_sd_resume
'0001303c,'00000200,'T,'mmc_sd_setup_card
'00012bec,'0000004c,'t,'mmc_sd_suspend
'0000f9c6,'0000008c,'T,'mmc_sd_switch
'00012e2c,'00000090,'T,'mmc_sd_switch_hs
'000141dc,'00000014,'T,'mmc_sdio_get_max_clock
'00014220,'00000350,'T,'mmc_sdio_init_card
'00014570,'00000088,'T,'mmc_sdio_resume
'00013edc,'00000074,'t,'mmc_sdio_suspend
'00010168,'0000003a,'T,'mmc_select_card
'00012db8,'00000074,'T,'mmc_send_cid
'00012ebc,'0000006c,'T,'mmc_send_csd
'0001011c,'0000004c,'T,'mmc_send_if_cond
'00013c2c,'00000054,'t,'mmc_send_io_op_cond.isra.8
'000100e4,'00000038,'T,'mmc_send_relative_addr
'0000f988,'0000003e,'T,'mmc_send_status
'0000ff8c,'00000036,'T,'mmc_set_blocklen
'0000fb68,'00000098,'T,'mmc_switch_to_high_speed
'0000fabc,'00000070,'T,'mmc_wait_for_app_cmd
'0000f95c,'00000024,'T,'mmc_wait_for_cmd
'0000f948,'00000014,'T,'mmc_wait_for_req
'00020d08,'0000000c,'T,'nan
'0001e814,'00000008,'T,'nanf
'00026c88,'00000080,'t,'npio2_hw
'002000d0,'00000020,'d,'nvic_dev
'0000cf88,'00000014,'t,'nvic_drv
'00200024,'00000008,'D,'nvic_int_mask
'0000cf64,'00000002,'T,'nvic_print_regs
'002003f4,'000000c4,'b,'nvic_reg_store
'0000cd84,'000000a0,'t,'nvic_resume
'0000ccc8,'000000bc,'t,'nvic_suspend
'00027798,'0000000c,'t,'p05.5277
'000077c4,'00000064,'T,'parse_dpm_list
'0001913c,'000000da,'T,'pbkdf2_sha1
'0001aefc,'00000010,'T,'pcTaskGetTaskName
'0001bf8c,'00000004,'T,'pcTimerGetTimerName
'00200010,'00000002,'D,'pm_debug_mask
'00007e50,'00000138,'T,'pm_register_ops
'0000805c,'0000000c,'T,'pm_select_mode
'00007828,'00000010,'T,'pm_set_debug_delay_ms
'000076fc,'0000000c,'T,'pm_set_debug_mask
'000077b8,'0000000c,'T,'pm_set_test_level
'000083a8,'00000014,'T,'pm_states
'00008068,'00000050,'T,'pm_stats_show
'002002d8,'00000004,'b,'pm_test_level
'00007f88,'000000d4,'T,'pm_unregister_ops
'0001e920,'000002f8,'T,'pow
'00019af8,'000000a4,'T,'print_hex_dump
'00019b9c,'00000048,'T,'print_hex_dump_bytes
'00019be4,'00000060,'T,'print_hex_dump_words
'0001a8f0,'00000050,'t,'prvAddCurrentTaskToDelayedList
'0001bc40,'00000054,'t,'prvCheckForValidListAndQueue
'0001a134,'00000026,'t,'prvCopyDataFromQueue
'0001a086,'0000006a,'t,'prvCopyDataToQueue
'0001a7f8,'00000030,'t,'prvGetExpectedIdleTime
'0001b1d8,'00000070,'t,'prvIdleTask
'0001bc94,'0000003c,'t,'prvInsertTimerInActiveList
'0001a828,'000000a4,'t,'prvListTaskWithinSingleList
'0001a0f0,'00000044,'t,'prvNotifyQueueSetContainer
'0001c034,'0000001a,'t,'prvPortStartFirstTask
'0001a8cc,'00000024,'t,'prvResetNextTaskUnblockTime
'0001bd94,'00000060,'t,'prvSwitchTimerLists
'0001c020,'00000012,'t,'prvTaskExitError
'0001a7d4,'00000024,'t,'prvTaskIsTaskSuspended
'0001bdf4,'0000018c,'t,'prvTimerTask
'0001a15a,'00000078,'t,'prvUnlockQueue
'0001c300,'00000004,'T,'pvPortMalloc
'0001b6e4,'0000001c,'T,'pvTaskGetThreadLocalStoragePointer
'0001b860,'00000018,'T,'pvTaskIncrementMutexHeldCount
'0001bfa8,'00000012,'T,'pvTimerGetTimerID
'00200618,'00000004,'B,'pxCurrentTCB
'0001c140,'t,'pxCurrentTCBConst
'0001c0a8,'t,'pxCurrentTCBConst2
'00200678,'00000004,'b,'pxCurrentTimerList
'00200560,'00000004,'b,'pxDelayedTaskList
'00200580,'00000004,'b,'pxOverflowDelayedTaskList
'002006ac,'00000004,'b,'pxOverflowTimerList
'0001c068,'00000024,'T,'pxPortInitialiseStack
'00200588,'0000008c,'b,'pxReadyTasksLists
'00021c78,'00000282,'T,'qsort
'00023868,'0000011a,'t,'quorem
'00007268,'00000294,'T,'raac_n_cTabA
'00006868,'00000a00,'T,'raac_n_cTabS
'00200c00,'T,'ram_table
'00021f4c,'00000074,'T,'rand
'00021fc0,'00000014,'T,'realloc
'000075ea,'t,'resume
'00020d14,'00000118,'T,'rint
'000098b4,'0000003c,'T,'rom_HAL_CCM_BusGetAPBSClock
'0000a66c,'00000028,'T,'rom_HAL_Flash_Close
'0000a8fc,'000000fc,'T,'rom_HAL_Flash_Erase
'0000a9f8,'00000024,'T,'rom_HAL_Flash_MemoryOf
'0000a640,'0000002c,'T,'rom_HAL_Flash_Open
'0000a868,'00000094,'T,'rom_HAL_Flash_Read
'0000a764,'00000104,'T,'rom_HAL_Flash_Write
'0000b46c,'0000006c,'T,'rom_HAL_Flashc_Close
'0000b3e0,'00000014,'T,'rom_HAL_Flashc_Deinit
'0000b2c0,'00000034,'T,'rom_HAL_Flashc_Delay
'0000b2f4,'000000ec,'T,'rom_HAL_Flashc_Init
'0000b3f4,'00000078,'T,'rom_HAL_Flashc_Open
'0000b228,'00000030,'T,'rom_HAL_Flashc_Xip_Deinit
'0000b0d0,'00000158,'T,'rom_HAL_Flashc_Xip_Init
'0000d22c,'00000028,'T,'rom_HAL_PRCM_GetDevClock
'0000d098,'00000018,'T,'rom_HAL_PRCM_GetHFClock
'0000d0f4,'00000020,'T,'rom_HAL_PRCM_GetLFClock
'000114e8,'00000024,'T,'rom_HAL_SDC_Clk_PWR_Opt
'0001227c,'00000038,'T,'rom_HAL_SDC_Close
'00012248,'00000034,'T,'rom_HAL_SDC_Open
'00011cf4,'00000074,'T,'rom_HAL_SDC_PowerOff
'00011c3c,'000000b8,'T,'rom_HAL_SDC_PowerOn
'00011554,'000006e8,'T,'rom_HAL_SDC_Request
'00011458,'00000090,'T,'rom_HAL_SDC_Update_Clk
'0000f0ec,'00000064,'T,'rom_WakeIo_To_Gpio
'000154f8,'00000078,'T,'rom_defaultControl
'0001621c,'0000006c,'T,'rom_fdcm_open
'00016288,'00000148,'T,'rom_fdcm_read
'000163d0,'000001c0,'T,'rom_fdcm_write
'000169c4,'0000012c,'T,'rom_flash_erase
'00016948,'0000007c,'T,'rom_flash_get_erase_block
'0001689c,'000000ac,'T,'rom_flash_rw
'0000a1cc,'00000098,'T,'rom_flashcDriverCreate
'0001dd84,'00000020,'T,'rom_get_build_time
'0001dd6c,'00000018,'T,'rom_get_version
'00016fe4,'00000044,'T,'rom_image_checksum16
'0001dda4,'00000034,'T,'rom_init
'0001a940,'00000018,'T,'rom_vApplicationStackOverflowHook
'00024510,'0000006c,'t,'rshift
'00016b00,'00000018,'t,'s_flash_erase_param
'0001804e,'00000004,'t,'s_image_raw_seq
'0001e678,'00000104,'T,'scalbn
'00013518,'00000008,'t,'sd_bus_ops
'00200118,'00000040,'d,'sdc_dev
'00012b74,'00000014,'t,'sdc_drv
'00014754,'00000004,'T,'sdio_align_size
'00014c1c,'00000008,'t,'sdio_bus_ops
'00014758,'00000002,'T,'sdio_claim_host
'000140d4,'00000088,'T,'sdio_disable_func
'00014004,'000000d0,'T,'sdio_enable_func
'00013f50,'0000005c,'t,'sdio_enable_wide
'00013dc0,'000000e4,'t,'sdio_io_rw_ext_helper.constprop.10
'000141f0,'00000016,'T,'sdio_memcpy_fromio
'00014206,'00000018,'T,'sdio_memcpy_toio
'00014638,'00000040,'T,'sdio_pm
'00013fac,'00000038,'T,'sdio_readb
'0001475a,'00000002,'T,'sdio_release_host
'000145f8,'00000040,'T,'sdio_reset
'0001415c,'00000080,'T,'sdio_set_block_size
'00013fe4,'00000020,'T,'sdio_writeb
'000190fc,'0000003c,'T,'sha1_vector
'0001e780,'00000094,'T,'sin
'00022038,'00000048,'T,'siprintf
'00022080,'00000054,'T,'siscanf
'00021fd4,'00000064,'T,'sniprintf
'00021fd4,'00000064,'T,'snprintf
'00022038,'00000048,'T,'sprintf
'0001ec18,'000000ac,'T,'sqrt
'00021efc,'00000050,'T,'srand
'00022080,'00000054,'T,'sscanf
'000220d8,'0000003c,'T,'strcasecmp
'00022114,'0000001e,'T,'strcat
'00022132,'0000001c,'T,'strchr
'0002214e,'00000014,'T,'strcmp
'00022162,'00000010,'T,'strcpy
'00022172,'0000001e,'T,'strcspn
'0002255c,'00000014,'T,'strerror
'00022570,'0000002a,'T,'strlcpy
'0002259a,'00000010,'T,'strlen
'000225ac,'00000048,'T,'strncasecmp
'000225f4,'00000034,'T,'strncmp
'00022628,'00000024,'T,'strncpy
'0002264c,'00000026,'T,'strrchr
'00022672,'0000001e,'T,'strspn
'00022690,'00000030,'T,'strstr
'00023350,'00000014,'T,'strtod
'00023364,'00000064,'T,'strtok
'0002352c,'0000001c,'T,'strtol
'00023548,'0000001c,'T,'strtoll
'000237d4,'0000001c,'T,'strtoul
'000226e6,'00000042,'t,'sulp
'00007bac,'000002a4,'T,'suspend_devices_and_enter
'00200298,'00000014,'b,'suspend_ops
'00007708,'00000024,'T,'suspend_ops_init
'002002b0,'00000028,'B,'suspend_stats
'00007788,'00000030,'T,'suspend_test
'00007748,'00000040,'T,'suspend_test_finish
'0000772c,'0000001c,'T,'suspend_test_start
'002002dc,'00000004,'b,'suspend_test_start_time
'00021c00,'00000034,'t,'swapfunc
'00019216,'0000007a,'T,'thumb2_checksum
'00027558,'00000028,'t,'tinytens
'00013a98,'00000020,'t,'tran_exp
'000134e6,'00000010,'t,'tran_mant
'00005f48,'000000c0,'t,'twidTab_Odd32
'00026d08,'00000108,'t,'two_over_pi
'0000ef14,'00000014,'t,'uart_drv
'0000e450,'00000074,'t,'uart_resume
'0000e520,'00000048,'t,'uart_suspend
'0001a700,'00000006,'T,'ucQueueGetQueueType
'002006bc,'00000004,'b,'ulStoppedTimerCompensation
'0001b878,'000000a8,'T,'ulTaskNotifyTake
'002006b8,'00000004,'b,'ulTimerCountsForOneTick
'00200294,'00000004,'b,'user_sel_power_mode
'002001ec,'00000004,'d,'uxCriticalNesting
'00200640,'00000004,'b,'uxCurrentNumberOfTasks
'00019ffc,'00000006,'T,'uxEventGroupGetNumber
'0001a066,'00000020,'T,'uxListRemove
'00200584,'00000004,'b,'uxPendedTicks
'0001a6f8,'00000004,'T,'uxQueueGetQueueNumber
'0001a6c8,'00000012,'T,'uxQueueMessagesWaiting
'0001a6f0,'00000004,'T,'uxQueueMessagesWaitingFromISR
'0001a6da,'00000016,'T,'uxQueueSpacesAvailable
'00200630,'00000004,'b,'uxSchedulerSuspended
'0001aef0,'0000000c,'T,'uxTaskGetNumberOfTasks
'0001b700,'00000020,'T,'uxTaskGetStackHighWaterMark
'0001b248,'000000a0,'T,'uxTaskGetSystemState
'0001b68c,'00000006,'T,'uxTaskGetTaskNumber
'0020063c,'00000004,'b,'uxTaskNumber
'0001ac2c,'0000001c,'T,'uxTaskPriorityGet
'0001ac48,'00000028,'T,'uxTaskPriorityGetFromISR
'0001b848,'00000018,'T,'uxTaskResetEventItemValue
'00200568,'00000004,'b,'uxTasksDeleted
'00200670,'00000004,'b,'uxTopReadyPriority
'00019e92,'00000004,'T,'vEventGroupClearBitsCallback
'00019fb8,'00000026,'T,'vEventGroupDelete
'00019fb4,'00000004,'T,'vEventGroupSetBitsCallback
'0001a002,'00000016,'T,'vListInitialise
'0001a018,'00000006,'T,'vListInitialiseItem
'0001a036,'00000030,'T,'vListInsert
'0001a01e,'00000018,'T,'vListInsertEnd
'0001c054,'0000000e,'t,'vPortEnableVFP
'0001c0ac,'00000002,'T,'vPortEndScheduler
'0001c0b0,'00000020,'T,'vPortEnterCritical
'0001c0d0,'00000014,'T,'vPortExitCritical
'0001c304,'00000004,'T,'vPortFree
'0001c270,'00000050,'W,'vPortSetupTimerInterrupt
'0001c174,'000000fc,'W,'vPortSuppressTicksAndSleep
'0001a6f4,'00000004,'T,'vQueueDelete
'0001a6fc,'00000004,'T,'vQueueSetQueueNumber
'0001a71c,'0000003e,'T,'vQueueWaitForMessageRestricted
'0001b178,'00000060,'T,'vTaskDelay
'0001b0f8,'00000080,'T,'vTaskDelayUntil
'0001ab20,'000000ac,'T,'vTaskDelete
'0001aea8,'00000020,'T,'vTaskEndScheduler
'0001b680,'0000000c,'T,'vTaskMissedYield
'0001bb5c,'00000094,'T,'vTaskNotifyGiveFromISR
'0001b430,'0000005c,'T,'vTaskPlaceOnEventList
'0001b4f0,'0000005c,'T,'vTaskPlaceOnEventListRestricted
'0001b48c,'00000064,'T,'vTaskPlaceOnUnorderedEventList
'0001b74c,'0000008c,'T,'vTaskPriorityInherit
'0001ac70,'000000c8,'T,'vTaskPrioritySet
'0001ad38,'00000074,'T,'vTaskResume
'0001b692,'00000006,'T,'vTaskSetTaskNumber
'0001b6cc,'00000018,'T,'vTaskSetThreadLocalStoragePointer
'0001b61c,'00000018,'T,'vTaskSetTimeOutState
'0001ae34,'00000074,'T,'vTaskStartScheduler
'0001af18,'00000010,'T,'vTaskStepTick
'0001b37c,'000000b4,'T,'vTaskSuspend
'0001aec8,'00000010,'T,'vTaskSuspendAll
'0001b2e8,'00000094,'T,'vTaskSwitchContext
'0001bfba,'00000014,'T,'vTimerSetTimerID
'00023848,'00000020,'T,'vsniprintf
'00023848,'00000020,'T,'vsnprintf
'002000f0,'00000002,'d,'wakeup_debug_mask
'002004f8,'00000004,'b,'wakeup_event
'002004f4,'00000004,'b,'wakeup_io_en
'002004fc,'00000004,'b,'wakeup_io_mode
'002004f0,'00000004,'b,'wakeup_io_pull
'002004ec,'00000004,'b,'wakeup_time
'002000f4,'00000020,'d,'wdg_dev
'0000f6c8,'00000014,'t,'wdg_drv
'0000f5ec,'0000001c,'t,'wdg_resume
'0000f644,'00000020,'t,'wdg_suspend
'0020067c,'00000014,'b,'xActiveTimerList1
'00200690,'00000014,'b,'xActiveTimerList2
'0020056c,'00000014,'b,'xDelayedTaskList1
'00200644,'00000014,'b,'xDelayedTaskList2
'00019e78,'0000001a,'T,'xEventGroupClearBits
'00019e98,'00000014,'T,'xEventGroupClearBitsFromISR
'00019da6,'0000001a,'T,'xEventGroupCreate
'00019eac,'0000001c,'T,'xEventGroupGetBitsFromISR
'00019ec8,'0000005a,'T,'xEventGroupSetBits
'00019fe0,'0000001c,'T,'xEventGroupSetBitsFromISR
'00019f24,'00000090,'T,'xEventGroupSync
'00019dc0,'000000b8,'T,'xEventGroupWaitBits
'00200658,'00000004,'b,'xIdleTaskHandle
'002006a4,'00000004,'b,'xLastTime.9026
'002006c0,'00000004,'b,'xMaximumPossibleSuppressedTicks
'00200638,'00000004,'b,'xNextTaskUnblockTime
'00200614,'00000004,'b,'xNumOfOverflows
'0020061c,'00000014,'b,'xPendingReadyList
'0001c2c0,'00000040,'T,'xPortStartScheduler
'0001a762,'00000022,'T,'xQueueAddToSet
'0001a29a,'00000012,'T,'xQueueCreateCountingSemaphore
'0001a3ac,'0000004c,'T,'xQueueCreateMutex
'0001a75a,'00000008,'T,'xQueueCreateSet
'0001a240,'00000040,'T,'xQueueGenericCreate
'0001a4f4,'0000011c,'T,'xQueueGenericReceive
'0001a1d4,'0000006c,'T,'xQueueGenericReset
'0001a2ac,'00000100,'T,'xQueueGenericSend
'0001a422,'00000070,'T,'xQueueGenericSendFromISR
'0001a280,'0000001a,'T,'xQueueGetMutexHolder
'0001a492,'00000062,'T,'xQueueGiveFromISR
'0001a3f8,'0000002a,'T,'xQueueGiveMutexRecursive
'0001a706,'0000000a,'T,'xQueueIsQueueEmptyFromISR
'0001a710,'0000000c,'T,'xQueueIsQueueFullFromISR
'0001a698,'00000030,'T,'xQueuePeekFromISR
'0001a642,'00000056,'T,'xQueueReceiveFromISR
'0001a784,'00000020,'T,'xQueueRemoveFromSet
'0001a7a4,'00000018,'T,'xQueueSelectFromSet
'0001a7bc,'00000016,'T,'xQueueSelectFromSetFromISR
'0001a610,'00000032,'T,'xQueueTakeMutexRecursive
'00200564,'00000004,'b,'xSchedulerRunning
'0020065c,'00000014,'b,'xSuspendedTaskList
'0001b634,'0000004c,'T,'xTaskCheckForTimeOut
'0001a958,'000001c8,'T,'xTaskGenericCreate
'0001b9f0,'000000ac,'T,'xTaskGenericNotify
'0001ba9c,'000000c0,'T,'xTaskGenericNotifyFromISR
'0001b720,'0000000c,'T,'xTaskGetCurrentTaskHandle
'0001af0c,'0000000c,'T,'xTaskGetIdleTaskHandle
'0001b72c,'00000020,'T,'xTaskGetSchedulerState
'0001aed8,'0000000c,'T,'xTaskGetTickCount
'0001aee4,'0000000c,'T,'xTaskGetTickCountFromISR
'0001af28,'00000100,'T,'xTaskIncrementTick
'0001bbf0,'0000002c,'T,'xTaskNotifyStateClear
'0001b920,'000000d0,'T,'xTaskNotifyWait
'0001b7d8,'00000070,'T,'xTaskPriorityDisinherit
'0001b54c,'00000074,'T,'xTaskRemoveFromEventList
'0001b5c0,'0000005c,'T,'xTaskRemoveFromUnorderedEventList
'0001b028,'000000d0,'T,'xTaskResumeAll
'0001adac,'00000088,'T,'xTaskResumeFromISR
'0020054c,'00000014,'b,'xTasksWaitingTermination
'00200634,'00000004,'b,'xTickCount
'0001bd14,'0000003a,'T,'xTimerCreate
'0001bcd0,'00000044,'T,'xTimerCreateTimerTask
'0001bd50,'00000044,'T,'xTimerGenericCommand
'0001bf80,'0000000c,'T,'xTimerGetTimerDaemonTaskHandle
'0001bf90,'00000018,'T,'xTimerIsTimerActive
'0001bff4,'00000024,'T,'xTimerPendFunctionCall
'0001bfd0,'00000024,'T,'xTimerPendFunctionCallFromISR
'002006a8,'00000004,'b,'xTimerQueue
'002006b0,'00000004,'b,'xTimerTaskHandle
'00200674,'00000004,'b,'xYieldPending
'00200114,'00000001,'D,'xip_debug_mask
'0001c30c,'00000028,'T,'xz_crc32
'0001c308,'00000002,'T,'xz_crc32_init
'0001c334,'00000400,'t,'xz_crc32_table
'0001c926,'00000010,'T,'xz_dec_bcj_create
'0001c936,'0000001c,'T,'xz_dec_bcj_reset
'0001c820,'00000106,'T,'xz_dec_bcj_run
'0001dd40,'00000022,'T,'xz_dec_end
'0001dcf0,'00000050,'T,'xz_dec_init
'0001d51e,'00000044,'T,'xz_dec_lzma2_create
'0001d5c4,'0000001a,'T,'xz_dec_lzma2_end
'0001d562,'00000062,'T,'xz_dec_lzma2_reset
'0001d0ae,'00000470,'T,'xz_dec_lzma2_run
'0001d6d6,'00000032,'T,'xz_dec_reset
'0001d708,'000005e8,'T,'xz_dec_run
